Nombre,Precio,Album
Self-Titled Guitar Pick Set,35.0,Taylor Swift
On a Wishing Star Crewneck,65.0,Taylor Swift
Fearless (Taylor's Version) Flannel Pajamas Pants,40.0,Fearless
Cause I Don't Know How It Gets Better Than This Black T-Shirt,35.0,Fearless
Fearless (Taylor's Version) Bookends,55.0,Fearless
Taylor Swift The Eras Tour Fearless (Taylor's Version) Album T-Shirt,45.0,Fearless
Fearless (Taylor's Version) Satin Pajama Set,65.0,Fearless
Fearless (Taylor's Version) vinyl,39.0,Fearless
Fearless (Taylor's Version) CD,13.0,Fearless
Fearless (Taylor's Version) Digital Standard Edition,13.0,Fearless
Speak Now (Taylor's Version) Night Light,39.0,Speak Now
Speak Now (Taylor's Version) Bell Ornament,25.0,Speak Now
Speak Now (Taylor's Version) Bird Cage Ornament,25.0,Speak Now
Speak Now (Taylor's Version) Cardigan Ornament,20.0,Speak Now
Speak Now (Taylor's Version) Frame Ornament,20.0,Speak Now
Speak Now (Taylor's Version) Koi Fish Ornament,20.0,Speak Now
Speak Now (Taylor's Version) Charm Bracelet,35.0,Speak Now
Fighting Dragons With You White Hoodie,70.0,Speak Now
Speak Now (Taylor's Version) Tracklist White Crewneck,65.0,Speak Now
The Story Of Us Purple Crop Hoodie,75.0,Speak Now
Speak Now (Taylor's Version) Heather Gray Fleece T-Shirt,60.0,Speak Now
Speak Now (Taylor's Version) Tracklist Taupe T-Shirt,35.0,Speak Now
Speak Now (Taylor's Version) Tracklist Purple Tie Dye T-Shirt,45.0,Speak Now
Speak Now (Taylor's Version) Black T-Shirt,35.0,Speak Now
How The Kingdom Lights Shined Cream Baby T-Shirt,35.0,Speak Now
TS Washed Black Dad Hat,35.0,Speak Now
Speak Now (Taylor's Version) Tracklist Poster,35.0,Speak Now
XIII Bell Necklace,30.0,Speak Now
Speak Now (Taylor's Version) Pin Set,10.0,Speak Now
Speak Now (Taylor's Version) Playing Cards,15.0,Speak Now
Long Live All The Magic We Made Picture Frame,50.0,Speak Now
How The Kingdom Lights Shined Cream Tote Bag,35.0,Speak Now
Speak Now (Taylor's Version) Purple Water Bottle,35.0,Speak Now
Speak Now (Taylor's Version) Journal and Pencil Set,35.0,Speak Now
Speak Now (Taylor's Version) Phone Case,25.0,Speak Now
Speak Now (Taylor's Version) Eras Patch Set,30.0,Speak Now
Speak Now (Taylor's Version) Eras Tote Bag,40.0,Speak Now
Speak Now (Taylor's Version) CD,14.99,Speak Now
Speak Now (Taylor's Version) Cassette,18.99,Speak Now
Speak Now (Taylor's Version) Digital Album,12.99,Speak Now
Speak Now (Taylor's Version) Frame Snowglobe,50.0,Speak Now
Red (Taylor's Version) State of Grace Hoodie,75.0,Red
Red (Taylor's Version) Argyle Sweater,65.0,Red
Red (Taylor's Version) Begin Again Teacup Ornament,25.0,Red
Red (Taylor's Version) Cake Ornament,25.0,Red
Top Hat Ornament,25.0,Red
I Knew You Were Trouble Key Necklace,35.0,Red
Beautiful Tragic Love Affair Crewneck,65.0,Red
We Won't Be Sleeping Water Bottle,30.0,Red
And You Don't Know How Nice That Is Longsleeve T-Shirt,45.0,Red
Red (Taylor's Version) Vinyl,50.0,Red
RED (Taylor's Version) CD,14.99,Red
RED (Taylor's Version) CD (Clean),14.99,Red
RED (Taylor's Version) Digital Album (Explicit),14.99,Red
RED (Taylor's Version) Digital Album (Clean),14.99,Red
1989 (Taylor's Version) Clean Denim Jacket,129.0,1989
1989 (Taylor's Version) Style Hoodie,75.0,1989
1989 (Taylor's Version) White Picture Frame,20.0,1989
1989 (Taylor's Version) Sign Ornament,20.0,1989
From The Vault Light Yellow 1989 (Taylor's Version) Photo Crewneck,64.89,1989
We Found Wonderland Quarter Zip Pullover,74.89,1989
From The Vault Photo 1989 (Taylor's Version) Gray Hoodie,64.89,1989
Welcome To New York V-Neck Pullover,64.89,1989
From The Vault Green 1989 (Taylor's Version) Photo Long Sleeve,45.89,1989
Pink 1989 (Taylor's Version) T-Shirt,34.89,1989
From The Vault 1989 (Taylor's Version) White T-Shirt,34.89,1989
"Magic, Madness, Heaven, Sin Baby T-Shirt",34.89,1989
"Screaming, Crying, Perfect Storms Baby T-Shirt",34.89,1989
Wildest Dreams Blue Pajama Set,74.89,1989
I Think I Am Finally Clean Umbrella,74.89,1989
Taylor Swift Navy Dad Hat,34.89,1989
Welcome To New York Poster,29.89,1989
1989 (Taylor's Version) Poster,29.89,1989
Welcome To New York Sunglasses and Case,19.89,1989
1989 (Taylor's Version) Seagull Necklace,29.89,1989
1989 (Taylor's Version) Film Strip CD Display Shelves,39.89,1989
1989 (Taylor's Version) Off White Photo T-Shirt,34.89,1989
1989 (Taylor's Version) Charcoal Photo T-Shirt,44.89,1989
1989 (Taylor's Version) Yellow Photo T-Shirt,44.89,1989
1989 (Taylor's Version) Pink Crewneck,64.89,1989
1989 (Taylor's Version) Pink Jogger Sweatpants,64.89,1989
1989 (Taylor's Version) Blue Tie Dye Hoodie,74.89,1989
1989 (Taylor's Version) Beige Crewneck,64.89,1989
1989 (Taylor's Version) Photo Coasters,39.89,1989
1989 (Taylor's Version) Taupe Hat,39.89,1989
1989 (Taylor's Version) Patch Set,29.89,1989
1989 (Taylor's Version) Vinyl,31.89,1989
1989 (Taylor's Version) CD,12.89,1989
1989 (Taylor's Version) Cassette,19.89,1989
1989 (Taylor's Version) Digital Deluxe Album,11.89,1989
1989 (Taylor's Version) Digital Album,11.89,1989
1989 (Taylor's Version) Photo Ringer T-Shirt,34.89,1989
There Will Be No Explanation There Will Just Be Reputation Oversized Hoodie,85.0,Reputation
"They Say I Did Something Bad, But Why's It Feel So Good Destructed Tee",45.0,Reputation
Hold Onto The Memories Scrapbook,39.0,Reputation
Should've Known I'd Be The First To Leave Keyholder,39.0,Reputation
Taylor Swift The Eras Tour Reputation Album T-Shirt,45.0,Reputation
Gold Phone Case,35.0,Reputation
Jack Leopards Hip Bag,35.0,Reputation
Jack Leopards Tote Bag,35.0,Reputation
Jack Leopards Notebook,25.0,Reputation
Jack Leopards Mug,25.0,Reputation
It's a Cruel Summer with You Crewneck,65.0,Lover
Ain't That The Worst Thing You Ever Heard? T-Shirt,40.0,Lover
Lover Glass Butterfly Ornament,20.0,Lover
Lover Camper Ornament,25.0,Lover
Lover Album Valentine's Day Cards and Stickers,25.0,Lover
"""Miss Americana"" Film Phone Case",18.0,Lover
Lover Standard Edition Physical CD,12.99,Lover
Lover CD Deluxe Version 2,18.0,Lover
Lover CD Deluxe Version 3,18.0,Lover
Lover CD Deluxe Version 4,18.0,Lover
Lover Standard Edition Digital Album,11.99,Lover
folklore Album Chenille Patch Crewneck Sweater,65.0,Folklore
folklore Album Cardigan Scarf,39.0,Folklore
folklore Album Desk Clock,49.0,Folklore
August Ornament,25.0,Folklore
Taylor Swift The Eras Tour folklore Album T-Shirt,45.0,Folklore
"1. the “in the trees"" edition deluxe cd",13.0,Folklore
"1. the ""in the trees"" Edition Deluxe CD (Clean)",13.0,Folklore
folklore Digital Deluxe Album,7.99,Folklore
folklore Digital Deluxe Album (Clean),7.99,Folklore
evermore Gold Rush Longsleeve T-Shirt,50.0,Evermore
Your Touch Brought Forth An Incandescent Glow Candle Holders,49.0,Evermore
'Tis The Damn Season Write This Down Notebook,35.0,Evermore
evermore Ivy Ornament,20.0,Evermore
Where Did My Baby Go? Ornament,25.0,Evermore
Taylor Swift The Eras Tour Taylor Swift evermore Album T-Shirt,45.0,Evermore
the “waiting by the phone” phone case,25.0,Evermore
evermore Album Deluxe Edition CD,13.0,Evermore
evermore album deluxe edition CD (clean version),13.0,Evermore
evermore Album Digital Deluxe Edition,13.99,Evermore
evermore Album Digital Deluxe Edition (Clean Version),13.0,Evermore
evermore Album Digital Standard Edition,13.0,Evermore
Lost in the Labyrinth of my Mind Crewneck Pullover,65.0,Midnights
Meet Me At Midnight Colorblocked Tee,49.0,Midnights
Taylor Swift Midnights Mayhem With Me Satin Pillowcase,20.0,Midnights
Taylor Swift Midnights Tea Cup Set,35.0,Midnights
Taylor Swift Midnights Everybody Agrees Teacup Ornament,15.0,Midnights
Taylor Swift Midnights Ghost Ornament I,15.0,Midnights
Taylor Swift Midnights Ghost Ornament II,15.0,Midnights
Taylor Swift Midnights Moonstone Blue Vinyl Ornament,15.0,Midnights
Taylor Swift Midnights Jade Green Vinyl Ornament,15.0,Midnights
Taylor Swift Midnights Blood Moon Vinyl Ornament,15.0,Midnights
Taylor Swift Midnights Mahogany Vinyl Ornament,15.0,Midnights
Taylor Swift Midnights Era Ball Ornament,15.0,Midnights
Taylor Swift Midnights Backpack,75.0,Midnights
Karma is a Cat Hoodie,75.0,Midnights
Karma's A Relaxing Thought Tie Dye T-Shirt,45.0,Midnights
None of it was Accidental Crewneck,55.0,Midnights
Taylor Swift Midnights Blanket,75.0,Midnights
Karma Is My Boyfriend Cropped Ringer,40.0,Midnights
Taylor Swift Midnights Blue Tie Dye Hoodie,70.0,Midnights
Taylor Swift Midnights CD Photo Wood Frame,35.0,Midnights
Taylor Swift Midnights Green Tie Dye Long Sleeve,50.0,Midnights
Taylor Swift Midnights Lavender Tie Dye Crewneck,60.0,Midnights
Taylor Swift Midnights Spiral Tie Dye T-Shirt,40.0,Midnights
Draw the Cat Eye Hoodie,65.0,Midnights
In That Lavender Haze Long Sleeve T-Shirt,45.0,Midnights
Taylor Swift Midnights Rust Tie Dye T-Shirt,40.0,Midnights
Rooting for the Anti-Hero T-Shirt,35.0,Midnights
Taylor Swift Midnights Album Cover T-Shirt,40.0,Midnights
Midnights: Moonstone Blue Edition Vinyl,29.99,Midnights
Midnights: Jade Green Edition Vinyl,29.99,Midnights
Midnights: Blood Moon Edition Vinyl,29.99,Midnights
Midnights: Mahogany Edition Vinyl,29.99,Midnights
Midnights: Lavender Edition Vinyl,29.99,Midnights
Midnights: Moonstone Blue Edition CD,12.99,Midnights
Midnights: Jade Green Edition CD,12.99,Midnights
Midnights: Blood Moon Edition CD,12.99,Midnights
Midnights: Mahogany Edition CD,12.99,Midnights
Midnights: Moonstone Blue Edition CD (Clean),12.99,Midnights
Midnights (The Til Dawn Edition) Digital Album,9.99,Midnights
Midnights (The Til Dawn Edition) Digital Album (Non Explicit),9.99,Midnights
Midnights: Moonstone Blue Edition Digital Album,9.99,Midnights
Midnights (3am Edition) Digital Album,14.99,Midnights
Midnights: Moonstone Blue Edition Digital Album (Clean),11.99,Midnights
Midnights (3am Edition) Digital Album (Clean),14.99,Midnights
